part,polygons,vertices,x,y,z,com_x,com_y,com_z,ang_w,ang_x,ang_y,ang_z,bbox_volume,bbox_area,square1,square2,volume,surface_area,sphericity,mean_poly_area,dev_poly_area,skew_poly_area,kurt_poly_area,err_poly_area,bbox_fraction,volume_fraction,surface_fraction,poly_fraction,relative_poly_density,poly_vert_ratio,bbox_vol_ratio,efficiency,class
body1,11412,5658,0.289999992,-0.632999957,0.349999994,0.306800276,-0.632741332,-0.206722587,90,-1,0,0,0.818720499,6.442970563,1.231,3.303,0.088853121,7.011162842,0.050899532,0.000614368,0.005319789,21.69696668,603.2930856,8.658968321,0.420897084,0.209339926,0.306624057,0.043997903,0.210174444,2.016967126,9.214313374,0.099731675,casing
body1.001,7066,3535,-0.215999976,0.301899999,-6.11E-15,-0.215999752,-0.475138694,0.000118881,120,0.5774,0.5774,0.5774,0.006403021,0.403290024,23.415,1.004,0.004561564,0.310566125,0.280290791,4.40E-05,0.000235981,8.216688881,71.74051115,5.36904683,0.003291737,0.010747146,0.013582204,0.027242305,2.53484084,1.998868458,1.403689829,0.925107587,shaft
body1.002,1368,684,-0.215999976,-0.027099997,-6.25E-15,-0.215998188,-0.027099997,1.86E-10,90,1,0,0,0.000145392,0.02262564,1.003,4.986,2.37E-05,0.012561629,0.178967687,9.18E-06,1.27E-05,2.743905986,7.016474011,1.382069097,7.47E-05,5.58E-05,0.000549366,0.005274197,94.4842799,2,6.13654638,0.293515402,bearing ring
body1.003,1368,684,-0.215999976,-1.191100001,1.07E-16,-0.215998188,-1.191100001,1.86E-10,90,1,0,0,0.000145392,0.02262564,1.003,4.986,2.37E-05,0.012561629,0.178967687,9.18E-06,1.27E-05,2.743905986,7.016474011,1.382069097,7.47E-05,5.58E-05,0.000549366,0.005274197,94.4842799,2,6.13654638,0.293515402,bearing ring
body1.004,2872,1436,-0.215999976,-0.086099997,-7.03E-15,-0.215999976,-0.141099751,0.000362784,90,1,0,0,0.00278809,0.120743665,1.01,1.44,0.001428023,0.148548185,0.265253097,5.17E-05,7.69E-05,2.44810447,11.0161804,1.486688864,0.001433333,0.003364455,0.006496561,0.011072728,3.29109155,2,1.952412407,0.416318244,gear
body1.005,9388,4694,-0.216000021,-0.436099946,0.001851824,-0.216000214,-0.29036206,0.001852151,90,-1,0,0,0.022178874,0.476657594,1,1.267,0.007865481,0.498418203,0.237717216,5.31E-05,0.000111284,3.841719612,18.37263778,2.096092448,0.011401966,0.018531248,0.02179767,0.036194559,1.953163595,2,2.819773364,0.339155151,gear
body1.006,18612,9230,0.289999992,-0.632999957,0.349999994,0.284603,-0.634626329,0.225623578,90,-1,0,0,0.783999985,6.579999955,1.143,4,0.181311756,8.479347307,0.078092354,0.000455585,0.007589998,36.24324225,1522.965377,16.65989662,0.40304757,0.427174526,0.370833188,0.071756832,0.167980129,2.016468039,4.324043849,0.179462361,casing
body1.007,3524,1764,0,0,0,-4.21E-08,-0.711338222,0.000191058,120,0.5774,0.5774,0.5774,0.013437039,0.534939597,11.657,1.004,0.006924235,0.327517541,0.392867521,9.29E-05,0.000410732,6.544295055,42.51043949,4.419360372,0.006907865,0.016313651,0.014323552,0.013586454,0.832827283,1.997732426,1.940581138,0.841663272,shaft
body1.008,1544,772,0,-0.033999998,3.75E-17,-3.80E-06,-0.033999998,-4.53E-10,180,0,-0.7071,0.7071,0.000118899,0.016953746,1.003,3.122,2.91E-05,0.012288767,0.227526975,7.96E-06,1.27E-05,2.840318501,7.82930761,1.59948025,6.11E-05,6.87E-05,0.000537433,0.005952748,86.68999472,2,4.079505402,0.338181508,bearing ring
body1.009,1526,763,-3.22E-29,-1.192000031,3.75E-17,3.02E-06,-1.192000031,6.27E-10,90,1,0,0,0.000161547,0.023344633,1.003,4.487,3.23E-05,0.014169725,0.203383484,9.29E-06,1.38E-05,2.802105684,7.567200082,1.48520551,8.30E-05,7.60E-05,0.000619694,0.005883351,77.41297034,2,5.008033415,0.328971596,bearing ring
body1.010,9314,4657,0,-0.213999972,-1.55E-17,1.83E-08,-0.178182095,6.88E-10,90,1,0,0,0.022178868,0.476657507,1,1.267,0.008402014,0.488352653,0.261823888,5.24E-05,0.000118214,4.28763611,22.6508422,2.254619981,0.011401963,0.019795332,0.021357466,0.035909259,1.814026619,2,2.639708448,0.369757441,gear
body1.011,4744,2372,-2.08E-32,-0.326999992,8.29E-17,-1.32E-09,-0.38199982,0.000136697,90,1,0,0,0.010165314,0.318580984,1,2.764,0.006871148,0.340785451,0.367310989,7.18E-05,0.000155572,3.949530502,18.10272157,2.165678622,0.0052259,0.016188577,0.014903807,0.01829005,1.129812062,2,1.479420094,0.631898451,gear
body1.012,3020,1510,-1.35E-31,-1.057000041,4.64E-16,-7.74E-10,-1.112000108,0.000477209,90,1,0,0,0.003406982,0.139380831,1,1.6,0.001292237,0.170945014,0.194439156,5.66E-05,0.000103482,3.120034001,10.75745361,1.828160302,0.0017515,0.003044539,0.007476057,0.011643329,3.824331887,2,2.636499073,0.309256608,gear
body1.013,6520,3262,0.324000001,-1.230000019,0,0.324000031,-0.508124828,6.90E-05,120,0.5774,0.5774,0.5774,0.056936379,1.148989268,5.67,1.002,0.02853141,0.771471356,0.447785174,0.000118324,0.000555173,9.026924619,82.83030181,4.691976545,0.029270497,0.067220635,0.033739293,0.025137252,0.373951427,1.998773758,1.995568388,0.746327683,shaft
body1.014,1392,696,0.324000001,-1.197000027,0,0.324004024,-1.197000027,6.48E-10,90,-1,0,0,0.000179497,0.027134011,1.003,5.54,2.45E-05,0.013796514,0.16078318,9.91E-06,1.40E-05,2.831487092,7.492521355,1.408123805,9.23E-05,5.77E-05,0.000603373,0.005366726,92.97402006,2,7.326355893,0.268445809,bearing ring
body1.015,1758,879,0.324000001,-0.053179681,0,0.323991776,-0.053173613,-2.11E-10,180,0,-0.7071,0.7071,0.000752861,0.056272551,1.003,2.777,0.000194347,0.039235185,0.265943911,2.23E-05,4.71E-05,2.244262742,3.976264333,2.109610639,0.000387039,0.000457885,0.0017159,0.006777805,14.80240517,2,3.873800805,0.37024024,bearing ring
body1.016,11914,5957,0.324000001,-1.04400003,0.002450203,0.323999941,-1.088808656,0.002450213,180,0,0.7071,0.7071,0.060934989,0.991517115,1,2.099,0.021787442,0.940029734,0.25422605,7.89E-05,0.000305886,27.57773615,1277.464263,3.876823523,0.031326147,0.051331698,0.041110974,0.045933317,0.894833382,2,2.796794045,0.377136128,gear
body1.017,5860,2930,0.324000001,-0.923999906,0,0.324000031,-0.868999839,0.000141998,180,0,0.7071,0.7071,0.022859531,0.616208975,1,4.143,0.01557878,0.622039866,0.337700972,0.00010615,0.00038658,20.27755217,590.9214529,3.641824872,0.011751886,0.036703953,0.027204102,0.022592684,0.615538176,2,1.467350491,0.675112173,gear
body1.018,2572,1288,0.643999994,-1.248999953,-7.11E-17,0.644000053,-0.522119343,0.000228362,120,0.5774,0.5774,0.5774,0.029742989,0.890652703,10.886,1.004,0.017300339,0.60862013,0.387490752,0.000236633,0.000650457,4.59861729,22.12424092,2.748800226,0.015290612,0.040759984,0.026617207,0.009916106,0.243280428,1.99689441,1.719214164,0.851200946,shaft
body1.019,1758,879,0.643999994,-1.20449996,-7.11E-17,0.644007981,-1.204505801,-4.37E-10,90,-1,0,0,0.000631253,0.050200547,1.003,2.814,0.000161486,0.034811623,0.264408173,1.98E-05,4.18E-05,2.246468878,3.993816547,2.109275425,0.000324522,0.000380465,0.001522441,0.006777805,17.81453972,2,3.909024951,0.368906016,bearing ring
body1.020,1758,879,0.643999994,-0.069499999,-7.11E-17,0.644007981,-0.069505848,-4.37E-10,90,-1,0,0,0.000631253,0.050200547,1.003,2.814,0.000161486,0.034811623,0.264408173,1.98E-05,4.18E-05,2.246468878,3.993816547,2.109275425,0.000324522,0.000380465,0.001522441,0.006777805,17.81453972,2,3.909024951,0.368906016,bearing ring
body1.021,10274,5137,0.643999994,-1.05400002,-0.002675,0.643999994,-0.964894652,-0.002675017,90,-1,0,0,0.049875356,0.853259506,1,1.899,0.01685139,0.844034981,0.231111332,8.22E-05,0.000238368,12.04304894,351.3636817,2.901535412,0.025640486,0.039702249,0.036912768,0.03961045,0.997687814,2,2.959717652,0.341562675,gear
body1.022,5848,2924,0.643999994,-0.214999989,-6.33E-17,0.643999994,-0.159999788,0.000319296,180,0,0.7071,0.7071,0.022859531,0.616208975,1,4.143,0.015103896,0.622043052,0.3274044,0.000106369,0.000302934,12.12673888,299.3214584,2.847965716,0.011751886,0.035585115,0.027204241,0.022546419,0.633591298,2,1.513485708,0.65452954,gear
body10,1368,686,-0.215999976,-0.027099997,-6.25E-15,-0.234124988,-0.027099991,-0.031393476,90,1,0,0,1.05E-06,0.000618751,1.001,1.002,5.50E-07,0.00032507,0.997152369,2.38E-07,9.93E-08,-0.490169979,-1.100290273,0.418047862,5.38E-07,1.29E-06,1.42E-05,0.005274197,4073.57595,1.994169096,1.905661994,0.998833437,ball bearing
body10.001,1368,686,-0.215999976,-1.191100001,1.07E-16,-0.234124988,-1.191100001,-0.031393476,90,1,0,0,1.05E-06,0.000618697,1.001,1.001,5.50E-07,0.00032507,0.997152369,2.38E-07,9.93E-08,-0.490169979,-1.100290273,0.418047862,5.38E-07,1.29E-06,1.42E-05,0.005274197,4073.57595,1.994169096,1.90541169,0.998876997,ball bearing
body10.002,1368,686,0,-0.033999998,3.75E-17,0.013374913,-0.030166699,0.023166031,180,0,-0.7071,0.7071,4.45E-07,0.000349513,1.001,1.001,2.33E-07,0.000183606,0.997151299,1.34E-07,5.61E-08,-0.490169697,-1.100290574,0.418047868,2.29E-07,5.50E-07,8.03E-06,0.005274197,9596.478019,1.994169096,1.905914276,0.998788399,ball bearing
body10.003,1368,686,-3.22E-29,-1.192000031,3.75E-17,-0.017499903,-1.192000031,-0.030310741,90,1,0,0,1.25E-06,0.000694847,1,1.001,6.54E-07,0.000365108,0.997153723,2.67E-07,1.12E-07,-0.490170164,-1.100290299,0.418047841,6.41E-07,1.54E-06,1.60E-05,0.005274197,3422.221914,1.994169096,1.905187228,0.998917072,ball bearing
body10.004,1368,686,0.324000001,-1.197000027,0,0.303375065,-1.197000027,0.035723466,90,-1,0,0,1.23E-06,0.000689585,1.001,1.001,6.46E-07,0.000362249,0.99715347,2.65E-07,1.11E-07,-0.490170311,-1.100290258,0.418047846,6.33E-07,1.52E-06,1.58E-05,0.005274197,3462.82754,1.994169096,1.905936291,0.998785985,ball bearing
body10.005,144,74,0.324000001,-0.053179681,0,0.276236773,-0.041679665,0.053913582,180,0,-0.7071,0.7071,6.78E-06,0.002152958,1.001,1.136,5.23E-06,0.001672549,0.813223689,1.16E-05,4.86E-06,-1.253498682,0.03496178,0.418692024,3.48E-06,1.23E-05,7.31E-05,0.000555179,45.05065764,1.945945946,1.295905428,0.993306568,roller bearing
body10.006,144,74,0.643999994,-1.20449996,-7.11E-17,0.678072751,-1.215249896,0.05901574,90,-1,0,0,5.57E-06,0.001888125,1.005,1.136,4.30E-06,0.001467298,0.813119131,1.02E-05,4.26E-06,-1.254110124,0.040229117,0.418406858,2.86E-06,1.01E-05,6.42E-05,0.000555179,54.83374267,1.945945946,1.295309005,0.99343397,roller bearing
body10.007,144,74,0.643999994,-0.069499999,-7.11E-17,0.678072751,-0.080249995,0.05901574,90,-1,0,0,5.75E-06,0.001929683,1.017,1.118,4.30E-06,0.001467298,0.813119131,1.02E-05,4.26E-06,-1.254110124,0.040229117,0.418406858,2.96E-06,1.01E-05,6.42E-05,0.000555179,54.83374267,1.945945946,1.338844268,0.98228519,roller bearing
body11,1368,686,-0.215999976,-0.027099997,-6.25E-15,-0.247393474,-0.027099993,-0.018125033,90,1,0,0,1.05E-06,0.000619018,1.001,1.001,5.50E-07,0.00032507,0.997154848,2.38E-07,9.93E-08,-0.490169977,-1.100290279,0.418047862,5.39E-07,1.29E-06,1.42E-05,0.005274197,4073.565838,1.994169096,1.906890261,0.998620328,ball bearing
body11.001,1368,686,-0.215999976,-1.191100001,1.07E-16,-0.247393474,-1.191100001,-0.018125033,90,1,0,0,1.05E-06,0.000618769,1,1.001,5.50E-07,0.00032507,0.997154848,2.38E-07,9.93E-08,-0.490169977,-1.100290279,0.418047862,5.38E-07,1.29E-06,1.42E-05,0.005274197,4073.565838,1.994169096,1.905737915,0.998821538,ball bearing
body11.002,1368,686,0,-0.033999998,3.75E-17,0.023166046,-0.030166702,0.013374899,180,0,-0.7071,0.7071,4.45E-07,0.000349633,1,1.001,2.33E-07,0.000183606,0.997154577,1.34E-07,5.61E-08,-0.490169701,-1.100290577,0.418047867,2.29E-07,5.50E-07,8.03E-06,0.005274197,9596.44645,1.994169096,1.906883908,0.998621368,ball bearing
body11.003,1368,686,-3.22E-29,-1.192000031,3.75E-17,-0.030310707,-1.192000031,-0.017499901,90,1,0,0,1.25E-06,0.00069478,1,1.002,6.54E-07,0.000365108,0.997152338,2.67E-07,1.12E-07,-0.490170169,-1.100290296,0.41804784,6.41E-07,1.54E-06,1.60E-05,0.005274197,3422.226672,1.994169096,1.904916071,0.998963851,ball bearing
body11.004,1368,686,0.324000001,-1.197000027,0,0.288276553,-1.197000027,0.020624967,90,-1,0,0,1.23E-06,0.000689396,1,1.002,6.46E-07,0.000362249,0.997153206,2.65E-07,1.11E-07,-0.49017032,-1.100290253,0.418047846,6.33E-07,1.52E-06,1.58E-05,0.005274197,3462.828454,1.994169096,1.90515433,0.998922684,ball bearing
body11.005,144,74,0.324000001,-0.053179681,0,0.306762636,-0.04167968,0.069934785,180,0,-0.7071,0.7071,6.81E-06,0.002158812,1.008,1.129,5.23E-06,0.001672549,0.813224127,1.16E-05,4.86E-06,-1.253498544,0.03496135,0.418692015,3.50E-06,1.23E-05,7.31E-05,0.000555179,45.05063414,1.945945946,1.301347562,0.991842321,roller bearing
body11.006,144,74,0.643999994,-1.20449996,-7.11E-17,0.643999994,-1.215249896,0.068145558,90,-1,0,0,5.56E-06,0.00188701,1.002,1.139,4.30E-06,0.001467298,0.813119642,1.02E-05,4.26E-06,-1.254110039,0.040229222,0.418406912,2.86E-06,1.01E-05,6.42E-05,0.000555179,54.83370785,1.945945946,1.294102123,0.993773165,roller bearing
body11.007,144,74,0.643999994,-0.069499999,-7.11E-17,0.643999994,-0.080249995,0.068145558,90,-1,0,0,5.49E-06,0.001870812,1.001,1.143,4.30E-06,0.001467298,0.813119642,1.02E-05,4.26E-06,-1.254110039,0.040229222,0.418406912,2.82E-06,1.01E-05,6.42E-05,0.000555179,54.83370785,1.945945946,1.277302512,0.99820117,roller bearing
body12,1368,686,-0.215999976,-0.027099997,-6.25E-15,-0.252250075,-0.027099997,-6.62E-11,90,1,0,0,1.05E-06,0.000618645,1,1.002,5.50E-07,0.00032507,0.997154642,2.38E-07,9.93E-08,-0.490169646,-1.100291246,0.418047875,5.38E-07,1.29E-06,1.42E-05,0.005274197,4073.566681,1.994169096,1.905167685,0.998921233,ball bearing
body12.001,1368,686,-0.215999976,-1.191100001,1.07E-16,-0.252250075,-1.191100001,-6.62E-11,90,1,0,0,1.05E-06,0.00061886,1.001,1.002,5.50E-07,0.00032507,0.997154642,2.38E-07,9.93E-08,-0.490169646,-1.100291246,0.418047875,5.39E-07,1.29E-06,1.42E-05,0.005274197,4073.566681,1.994169096,1.906157604,0.99874849,ball bearing
body12.002,1368,686,0,-0.033999998,3.75E-17,0.026749786,-0.030166704,-2.86E-09,180,0,-0.7071,0.7071,4.45E-07,0.000349572,1.002,1.001,2.33E-07,0.000183606,0.997153134,1.34E-07,5.61E-08,-0.490169793,-1.100290797,0.41804788,2.29E-07,5.50E-07,8.03E-06,0.005274197,9596.46048,1.994169096,1.906392847,0.998706646,ball bearing
body12.003,1368,686,-3.22E-29,-1.192000031,3.75E-17,-0.034999788,-1.192000031,7.58E-11,90,1,0,0,1.25E-06,0.000694881,1,1.002,6.54E-07,0.000365108,0.997153509,2.67E-07,1.12E-07,-0.490169921,-1.100290843,0.418047867,6.41E-07,1.54E-06,1.60E-05,0.005274197,3422.222806,1.994169096,1.905328772,0.998892555,ball bearing
body12.004,1368,686,0.324000001,-1.197000027,0,0.2827501,-1.197000027,-1.86E-11,90,-1,0,0,1.23E-06,0.000689445,1,1.001,6.46E-07,0.000362249,0.997154513,2.65E-07,1.11E-07,-0.490169845,-1.100290763,0.41804787,6.33E-07,1.52E-06,1.58E-05,0.005274197,3462.824191,1.994169096,1.905356825,0.998887952,ball bearing
body12.005,144,74,0.324000001,-0.053179681,0,0.341237396,-0.041679695,0.069934785,180,0,-0.7071,0.7071,6.71E-06,0.002139439,1,1.139,5.23E-06,0.001672549,0.813224763,1.16E-05,4.86E-06,-1.253498981,0.034962223,0.418691991,3.45E-06,1.23E-05,7.31E-05,0.000555179,45.05059889,1.945945946,1.283610479,0.996524218,roller bearing
body12.006,144,74,0.643999994,-1.20449996,-7.11E-17,0.609927237,-1.215249896,0.059015751,90,-1,0,0,5.51E-06,0.001875289,1.001,1.142,4.30E-06,0.001467298,0.813119799,1.02E-05,4.26E-06,-1.254110104,0.040228696,0.418406896,2.83E-06,1.01E-05,6.42E-05,0.000555179,54.83369625,1.945945946,1.281932176,0.996976236,roller bearing
body12.007,144,74,0.643999994,-0.069499999,-7.11E-17,0.609927237,-0.080249995,0.059015751,90,-1,0,0,5.56E-06,0.001886861,1.002,1.139,4.30E-06,0.001467298,0.813119799,1.02E-05,4.26E-06,-1.254110104,0.040228696,0.418406896,2.86E-06,1.01E-05,6.42E-05,0.000555179,54.83369625,1.945945946,1.293940671,0.993818634,roller bearing
body13,1368,686,-0.215999976,-0.027099997,-6.25E-15,-0.247393459,-0.027100001,0.01812502,90,1,0,0,1.05E-06,0.000618861,1,1.003,5.50E-07,0.00032507,0.997152369,2.38E-07,9.93E-08,-0.490169979,-1.100290273,0.418047862,5.39E-07,1.29E-06,1.42E-05,0.005274197,4073.57595,1.994169096,1.906168557,0.99874534,ball bearing
body13.001,1368,686,-0.215999976,-1.191100001,1.07E-16,-0.247393459,-1.191100001,0.01812502,90,1,0,0,1.05E-06,0.000618954,1.001,1.001,5.50E-07,0.00032507,0.997152369,2.38E-07,9.93E-08,-0.490169979,-1.100290273,0.418047862,5.39E-07,1.29E-06,1.42E-05,0.005274197,4073.57595,1.994169096,1.906599444,0.998669398,ball bearing
body13.002,1368,686,0,-0.033999998,3.75E-17,0.023166034,-0.030166699,-0.01337491,180,0,-0.7071,0.7071,4.45E-07,0.000349509,1.001,1.001,2.33E-07,0.000183606,0.997151299,1.34E-07,5.61E-08,-0.490169697,-1.100290574,0.418047868,2.29E-07,5.50E-07,8.03E-06,0.005274197,9596.478019,1.994169096,1.905878097,0.998794803,ball bearing
body13.003,1368,686,-3.22E-29,-1.192000031,3.75E-17,-0.030310739,-1.192000031,0.017499905,90,1,0,0,1.25E-06,0.000695153,1,1.003,6.54E-07,0.000365108,0.997153723,2.67E-07,1.12E-07,-0.490170164,-1.100290299,0.418047841,6.41E-07,1.54E-06,1.60E-05,0.005274197,3422.221914,1.994169096,1.906444887,0.998697971,ball bearing
body13.004,1368,686,0.324000001,-1.197000027,0,0.288276553,-1.197000027,-0.020624943,90,-1,0,0,1.23E-06,0.000689508,1,1.001,6.46E-07,0.000362249,0.99715347,2.65E-07,1.11E-07,-0.490170311,-1.100290258,0.418047846,6.33E-07,1.52E-06,1.58E-05,0.005274197,3462.82754,1.994169096,1.905618408,0.998841577,ball bearing
body13.005,144,74,0.324000001,-0.053179681,0,0.371763259,-0.04167971,0.053913556,180,0,-0.7071,0.7071,6.72E-06,0.002140528,1.002,1.137,5.23E-06,0.001672549,0.813224124,1.16E-05,4.86E-06,-1.253499156,0.034962887,0.418691999,3.45E-06,1.23E-05,7.31E-05,0.000555179,45.05063414,1.945945946,1.284600781,0.996262527,roller bearing
body13.006,144,74,0.643999994,-1.20449996,-7.11E-17,0.584984243,-1.215250015,0.034072764,90,-1,0,0,5.57E-06,0.001889293,1.006,1.135,4.30E-06,0.001467298,0.813119131,1.02E-05,4.26E-06,-1.254110124,0.040229117,0.418406858,2.86E-06,1.01E-05,6.42E-05,0.000555179,54.83374267,1.945945946,1.296544504,0.993101622,roller bearing
body13.007,144,74,0.643999994,-0.069499999,-7.11E-17,0.584984243,-0.080249995,0.034072764,90,-1,0,0,5.49E-06,0.001871169,1,1.143,4.30E-06,0.001467298,0.813119131,1.02E-05,4.26E-06,-1.254110124,0.040229117,0.418406858,2.82E-06,1.01E-05,6.42E-05,0.000555179,54.83374267,1.945945946,1.277662448,0.998110508,roller bearing
body14,1368,686,-0.215999976,-0.027099997,-6.25E-15,-0.234125003,-0.027100002,0.031393498,90,1,0,0,1.05E-06,0.000618945,1.002,1,5.50E-07,0.00032507,0.997154848,2.38E-07,9.93E-08,-0.490169977,-1.100290279,0.418047862,5.39E-07,1.29E-06,1.42E-05,0.005274197,4073.565838,1.994169096,1.906549942,0.998680186,ball bearing
body14.001,1368,686,-0.215999976,-1.191100001,1.07E-16,-0.234125003,-1.191100001,0.031393498,90,1,0,0,1.05E-06,0.000618758,1,1.001,5.50E-07,0.00032507,0.997154848,2.38E-07,9.93E-08,-0.490169977,-1.100290279,0.418047862,5.38E-07,1.29E-06,1.42E-05,0.005274197,4073.565838,1.994169096,1.905688463,0.998830176,ball bearing
body14.002,1368,686,0,-0.033999998,3.75E-17,0.0133749,-0.030166693,-0.023166042,180,0,-0.7071,0.7071,4.45E-07,0.000349567,1,1.001,2.33E-07,0.000183606,0.997154577,1.34E-07,5.61E-08,-0.490169701,-1.100290577,0.418047867,2.29E-07,5.50E-07,8.03E-06,0.005274197,9596.44645,1.994169096,1.906345991,0.99871512,ball bearing
body14.003,1368,686,-3.22E-29,-1.192000031,3.75E-17,-0.017499899,-1.192000031,0.030310711,90,1,0,0,1.25E-06,0.00069482,1,1.002,6.54E-07,0.000365108,0.997152338,2.67E-07,1.12E-07,-0.490170169,-1.100290296,0.41804784,6.41E-07,1.54E-06,1.60E-05,0.005274197,3422.226672,1.994169096,1.905079237,0.998935283,ball bearing
body14.004,1368,686,0.324000001,-1.197000027,0,0.303375036,-1.197000027,-0.035723466,90,-1,0,0,1.23E-06,0.000689715,1.002,1.002,6.46E-07,0.000362249,0.997153206,2.65E-07,1.11E-07,-0.49017032,-1.100290253,0.418047846,6.34E-07,1.52E-06,1.58E-05,0.005274197,3462.828454,1.994169096,1.906475425,0.998692697,ball bearing
body14.005,144,74,0.324000001,-0.053179681,0,0.39134714,-0.041679714,0.025541384,180,0,-0.7071,0.7071,6.69E-06,0.002133408,1.001,1.139,5.23E-06,0.001672549,0.813223928,1.16E-05,4.86E-06,-1.253498772,0.034961495,0.418692056,3.44E-06,1.23E-05,7.31E-05,0.000555179,45.05064589,1.945945946,1.278129228,0.997976376,roller bearing
body14.006,144,74,0.643999994,-1.20449996,-7.11E-17,0.575854421,-1.215250015,1.38E-09,90,-1,0,0,5.52E-06,0.001878801,1,1.142,4.30E-06,0.001467298,0.813119642,1.02E-05,4.26E-06,-1.254110039,0.040229222,0.418406912,2.84E-06,1.01E-05,6.42E-05,0.000555179,54.83370785,1.945945946,1.285564263,0.996021327,roller bearing
body14.007,144,74,0.643999994,-0.069499999,-7.11E-17,0.575854421,-0.080250002,1.38E-09,90,-1,0,0,5.49E-06,0.001871199,1,1.143,4.30E-06,0.001467298,0.813119642,1.02E-05,4.26E-06,-1.254110039,0.040229222,0.418406912,2.82E-06,1.01E-05,6.42E-05,0.000555179,54.83370785,1.945945946,1.277694633,0.998101444,roller bearing
body15,324,162,-0.215999976,-0.027099997,-6.25E-15,-0.215999976,-0.033925299,-8.70E-10,90,1,0,0,2.14E-05,0.013479617,1.003,22.789,4.96E-06,0.00444644,0.177957224,1.37E-05,4.08E-06,0.021915598,-1.915077073,0.297192538,1.10E-05,1.17E-05,0.000194459,0.001249152,106.8630921,2,4.308219997,0.703667099,bearing ring
body15.001,324,162,-0.215999976,-1.191100001,1.07E-16,-0.215999976,-1.197925329,-8.70E-10,90,1,0,0,2.14E-05,0.013479617,1.003,22.789,4.96E-06,0.00444644,0.177957224,1.37E-05,4.08E-06,0.021915598,-1.915077073,0.297192538,1.10E-05,1.17E-05,0.000194459,0.001249152,106.8630921,2,4.308219997,0.703667099,bearing ring
body15.002,1368,686,0,-0.033999998,3.75E-17,-4.74E-09,-0.037833299,-0.026749782,180,0,-0.7071,0.7071,4.45E-07,0.000349562,1.002,1.002,2.33E-07,0.000183606,0.997153134,1.34E-07,5.61E-08,-0.490169793,-1.100290797,0.41804788,2.29E-07,5.50E-07,8.03E-06,0.005274197,9596.46048,1.994169096,1.906306635,0.99872187,ball bearing
body15.003,324,162,-3.22E-29,-1.192000031,3.75E-17,-5.97E-10,-1.199452877,-1.32E-09,90,1,0,0,2.37E-05,0.012811694,1.003,18.547,5.53E-06,0.004499302,0.194797141,1.39E-05,2.85E-06,0.021477189,-1.821036296,0.205208643,1.22E-05,1.30E-05,0.000196771,0.001249152,95.90953571,2,4.283291637,0.664788971,bearing ring
body15.004,324,162,0.324000001,-1.197000027,0,0.324000001,-1.19003284,-8.58E-10,90,-1,0,0,2.54E-05,0.017184671,1.003,28.259,5.90E-06,0.005367432,0.159586177,1.66E-05,6.49E-06,0.019715058,-1.949533347,0.391693841,1.31E-05,1.39E-05,0.000234738,0.001249152,89.84975434,2,4.305188167,0.743673857,bearing ring
body15.005,144,74,0.324000001,-0.053179681,0,0.290527016,-0.064679667,-0.063777424,180,0,-0.7071,0.7071,6.75E-06,0.002146925,1.004,1.134,5.23E-06,0.001672549,0.813224082,1.16E-05,4.86E-06,-1.253499348,0.034962708,0.418691999,3.47E-06,1.23E-05,7.31E-05,0.000555179,45.05063805,1.945945946,1.290472972,0.994692876,roller bearing
body15.006,144,74,0.643999994,-1.20449996,-7.11E-17,0.678072751,-1.193750024,-0.05901574,90,-1,0,0,5.50E-06,0.001873125,1,1.143,4.30E-06,0.001467298,0.813120388,1.02E-05,4.26E-06,-1.254109879,0.04022844,0.418406889,2.83E-06,1.01E-05,6.42E-05,0.000555179,54.83365563,1.945945946,1.279692782,0.997568765,roller bearing
body15.007,144,74,0.643999994,-0.069499999,-7.11E-17,0.678072751,-0.058750011,-0.05901574,90,-1,0,0,5.50E-06,0.001873989,1.001,1.142,4.30E-06,0.001467298,0.813120388,1.02E-05,4.26E-06,-1.254109879,0.04022844,0.418406889,2.83E-06,1.01E-05,6.42E-05,0.000555179,54.83365563,1.945945946,1.280599331,0.997322084,roller bearing
body16,324,162,-0.215999976,-0.027099997,-6.25E-15,-0.215999976,-0.020274695,8.70E-10,90,1,0,0,2.14E-05,0.013479617,1.003,22.789,4.96E-06,0.00444644,0.177957224,1.37E-05,4.08E-06,0.021915598,-1.915077073,0.297192538,1.10E-05,1.17E-05,0.000194459,0.001249152,106.8630921,2,4.308219997,0.703667099,bearing ring
body16.001,324,162,-0.215999976,-1.191100001,1.07E-16,-0.215999976,-1.184274673,8.70E-10,90,1,0,0,2.14E-05,0.013479617,1.003,22.789,4.96E-06,0.00444644,0.177957224,1.37E-05,4.08E-06,0.021915598,-1.915077073,0.297192538,1.10E-05,1.17E-05,0.000194459,0.001249152,106.8630921,2,4.308219997,0.703667099,bearing ring
body16.002,1368,686,0,-0.033999998,3.75E-17,-0.013374906,-0.037833296,-0.023166038,180,0,-0.7071,0.7071,4.44E-07,0.00034945,1,1.002,2.33E-07,0.000183606,0.997154577,1.34E-07,5.61E-08,-0.490169701,-1.100290577,0.418047867,2.29E-07,5.50E-07,8.03E-06,0.005274197,9596.44645,1.994169096,1.905394124,0.998881541,ball bearing
body16.003,324,162,-3.22E-29,-1.192000031,3.75E-17,-5.97E-10,-1.184547186,1.32E-09,90,1,0,0,2.37E-05,0.012811694,1.003,18.547,5.53E-06,0.004499302,0.194797109,1.39E-05,2.85E-06,0.021477189,-1.821036296,0.205208643,1.22E-05,1.30E-05,0.000196771,0.001249152,95.90955149,2,4.283292342,0.664788861,bearing ring
body16.004,324,162,0.324000001,-1.197000027,0,0.324000001,-1.203967214,1.22E-09,90,-1,0,0,2.54E-05,0.017184671,1.003,28.259,5.90E-06,0.005367432,0.159586103,1.66E-05,6.49E-06,0.019715058,-1.949533347,0.391693841,1.31E-05,1.39E-05,0.000234738,0.001249152,89.84979588,2,4.305190158,0.743673513,bearing ring
body16.005,144,74,0.324000001,-0.053179681,0,0.264722317,-0.064679652,-0.040916435,180,0,-0.7071,0.7071,6.70E-06,0.002135458,1,1.14,5.23E-06,0.001672549,0.813224657,1.16E-05,4.86E-06,-1.253498932,0.034961517,0.418692024,3.44E-06,1.23E-05,7.31E-05,0.000555179,45.05061064,1.945945946,1.279974286,0.997495247,roller bearing
body16.006,144,74,0.643999994,-1.20449996,-7.11E-17,0.703015745,-1.193750024,-0.034072749,90,-1,0,0,5.51E-06,0.001875197,1.003,1.141,4.30E-06,0.001467298,0.813120221,1.02E-05,4.26E-06,-1.254109837,0.040227947,0.418406916,2.83E-06,1.01E-05,6.42E-05,0.000555179,54.83366724,1.945945946,1.281868136,0.996977238,roller bearing
body16.007,144,74,0.643999994,-0.069499999,-7.11E-17,0.703015745,-0.058750004,-0.034072749,90,-1,0,0,5.52E-06,0.001876867,1.003,1.14,4.30E-06,0.001467298,0.813120221,1.02E-05,4.26E-06,-1.254109837,0.040227947,0.418406916,2.84E-06,1.01E-05,6.42E-05,0.000555179,54.83366724,1.945945946,1.283606239,0.996514139,roller bearing
body17,1368,686,0,-0.033999998,3.75E-17,-0.023166038,-0.037833296,-0.013374906,180,0,-0.7071,0.7071,4.45E-07,0.000349523,1.001,1.001,2.33E-07,0.000183606,0.997151299,1.34E-07,5.61E-08,-0.490169697,-1.100290574,0.418047868,2.29E-07,5.50E-07,8.03E-06,0.005274197,9596.478019,1.994169096,1.905992764,0.998774751,ball bearing
body17.001,144,74,0.324000001,-0.053179681,0,0.252497345,-0.064679652,-0.008681985,180,0,-0.7071,0.7071,6.69E-06,0.002133556,1.001,1.14,5.23E-06,0.001672549,0.813224024,1.16E-05,4.86E-06,-1.253498761,0.03496143,0.418692056,3.44E-06,1.23E-05,7.31E-05,0.000555179,45.05064197,1.945945946,1.278252513,0.99794928,roller bearing
body17.002,144,74,0.643999994,-1.20449996,-7.11E-17,0.712145567,-1.193749905,-1.61E-09,90,-1,0,0,5.51E-06,0.001874604,1.001,1.142,4.30E-06,0.001467298,0.813119861,1.02E-05,4.26E-06,-1.254109756,0.040228607,0.41840694,2.83E-06,1.01E-05,6.42E-05,0.000555179,54.83369045,1.945945946,1.28124302,0.997148361,roller bearing
body17.003,144,74,0.643999994,-0.069499999,-7.11E-17,0.712145567,-0.05875,-1.61E-09,90,-1,0,0,5.50E-06,0.001874129,1,1.143,4.30E-06,0.001467298,0.813119861,1.02E-05,4.26E-06,-1.254109756,0.040228607,0.41840694,2.83E-06,1.01E-05,6.42E-05,0.000555179,54.83369045,1.945945946,1.280723667,0.997299664,roller bearing
body18,1368,686,0,-0.033999998,3.75E-17,-0.026749786,-0.037833292,2.42E-09,180,0,-0.7071,0.7071,4.44E-07,0.000349443,1,1.001,2.33E-07,0.000183606,0.997153134,1.34E-07,5.61E-08,-0.490169793,-1.100290797,0.41804788,2.28E-07,5.50E-07,8.03E-06,0.005274197,9596.46048,1.994169096,1.905332489,0.998891288,ball bearing
body18.001,144,74,0.324000001,-0.053179681,0,0.256652862,-0.064679652,0.025541399,180,0,-0.7071,0.7071,6.69E-06,0.002135215,1,1.139,5.23E-06,0.001672549,0.813223518,1.16E-05,4.86E-06,-1.253498433,0.034960758,0.418692092,3.44E-06,1.23E-05,7.31E-05,0.000555179,45.05066939,1.945945946,1.279763926,0.997545725,roller bearing
body18.002,144,74,0.643999994,-1.20449996,-7.11E-17,0.703015745,-1.193749905,0.03407276,90,-1,0,0,5.51E-06,0.001875975,1.002,1.141,4.30E-06,0.001467298,0.813120388,1.02E-05,4.26E-06,-1.254109879,0.04022844,0.418406889,2.83E-06,1.01E-05,6.42E-05,0.000555179,54.83365563,1.945945946,1.282670324,0.996767129,roller bearing
body18.003,144,74,0.643999994,-0.069499999,-7.11E-17,0.703015745,-0.058749996,0.03407276,90,-1,0,0,5.52E-06,0.001877294,1.002,1.141,4.30E-06,0.001467298,0.813120388,1.02E-05,4.26E-06,-1.254109879,0.04022844,0.418406889,2.84E-06,1.01E-05,6.42E-05,0.000555179,54.83365563,1.945945946,1.284026743,0.996414325,roller bearing
body19,1368,686,0,-0.033999998,3.75E-17,-0.023166042,-0.037833296,0.013374902,180,0,-0.7071,0.7071,4.45E-07,0.000349519,1,1.002,2.33E-07,0.000183606,0.997154577,1.34E-07,5.61E-08,-0.490169701,-1.100290577,0.418047867,2.29E-07,5.50E-07,8.03E-06,0.005274197,9596.44645,1.994169096,1.905952166,0.998784035,ball bearing
body19.001,144,74,0.324000001,-0.053179681,0,0.276236743,-0.064679667,0.053913567,180,0,-0.7071,0.7071,6.72E-06,0.002141522,1.001,1.138,5.23E-06,0.001672549,0.81322304,1.16E-05,4.86E-06,-1.253499463,0.03496316,0.418691998,3.46E-06,1.23E-05,7.31E-05,0.000555179,45.05069681,1.945945946,1.285492304,0.996033897,roller bearing
body19.002,144,74,0.643999994,-1.20449996,-7.11E-17,0.678072751,-1.193749905,0.059015736,90,-1,0,0,5.51E-06,0.001874437,1,1.143,4.30E-06,0.001467298,0.813120221,1.02E-05,4.26E-06,-1.254109837,0.040227947,0.418406916,2.83E-06,1.01E-05,6.42E-05,0.000555179,54.83366724,1.945945946,1.281049092,0.997210525,roller bearing
body19.003,144,74,0.643999994,-0.069499999,-7.11E-17,0.678072751,-0.058749989,0.059015736,90,-1,0,0,5.51E-06,0.001876471,1.001,1.141,4.30E-06,0.001467298,0.813120221,1.02E-05,4.26E-06,-1.254109837,0.040227947,0.418406916,2.83E-06,1.01E-05,6.42E-05,0.000555179,54.83366724,1.945945946,1.283191314,0.996625981,roller bearing
body2,1490,745,-0.215999976,-0.027099997,-6.25E-15,-0.216000125,-0.027099997,1.84E-10,90,1,0,0,7.86E-05,0.013490139,1.003,3.666,1.68E-05,0.008956682,0.211001019,6.01E-06,8.18E-06,2.713673546,7.309259401,1.361164708,4.04E-05,3.96E-05,0.000391709,0.005744556,144.9766208,2,4.673086152,0.322303825,bearing ring
body2.001,1490,745,-0.215999976,-1.191100001,1.07E-16,-0.216000125,-1.191100001,1.84E-10,90,1,0,0,7.86E-05,0.013490139,1.003,3.666,1.68E-05,0.008956682,0.211001019,6.01E-06,8.18E-06,2.713673546,7.309259401,1.361164708,4.04E-05,3.96E-05,0.000391709,0.005744556,144.9766208,2,4.673086152,0.322303825,bearing ring
body2.002,1694,847,0,-0.033999998,3.75E-17,-6.75E-07,-0.034000207,-1.13E-10,180,0,-0.7071,0.7071,5.55E-05,0.00934983,1.001,2.136,1.83E-05,0.007843364,0.28088306,4.63E-06,6.98E-06,2.618485297,7.192659779,1.507541322,2.85E-05,4.32E-05,0.000343019,0.006531059,151.0954399,2,3.027002527,0.393811654,bearing ring
body2.003,1670,835,-3.22E-29,-1.192000031,3.75E-17,9.84E-07,-1.192000389,-5.59E-10,90,1,0,0,8.13E-05,0.013230248,1.003,3.183,2.18E-05,0.009639769,0.244417726,5.77E-06,8.28E-06,2.637438027,7.083029911,1.43392977,4.18E-05,5.12E-05,0.000421583,0.006438529,125.6321593,2,3.737403794,0.367224234,bearing ring
body2.004,1498,749,0.324000001,-1.197000027,0,0.324001491,-1.19699955,3.87E-10,90,-1,0,0,0.000101752,0.016719218,1.003,4.171,1.79E-05,0.010143495,0.186689996,6.77E-06,9.35E-06,2.76727114,7.506842952,1.381489843,5.23E-05,4.23E-05,0.000443613,0.005775399,136.6867285,2,5.673730356,0.29050904,bearing ring
body2.005,2260,1130,0.324000001,-0.053179681,0,0.324000001,-0.053179681,-8.93E-10,180,0,-0.7071,0.7071,0.001486232,0.097692485,1.003,3.902,0.000193899,0.061227513,0.136107717,2.71E-05,4.89E-05,1.700978097,1.212487617,1.803846379,0.000764059,0.000456831,0.002677705,0.008713219,19.07316571,2,7.664964891,0.208163398,bearing ring
body2.006,2260,1130,0.643999994,-1.20449996,-7.11E-17,0.643999994,-1.20449996,2.75E-12,90,-1,0,0,0.001239225,0.086837498,1.003,3.942,0.000160514,0.05416716,0.13540512,2.40E-05,4.32E-05,1.699500547,1.208787936,1.800551718,0.000637075,0.000378175,0.00236893,0.008713219,23.04020172,2,7.720354347,0.20765099,bearing ring
body2.007,2260,1130,0.643999994,-0.069499999,-7.11E-17,0.643999994,-0.069499999,2.75E-12,90,-1,0,0,0.001239225,0.086837498,1.003,3.942,0.000160514,0.05416716,0.13540512,2.40E-05,4.32E-05,1.699500547,1.208787936,1.800551718,0.000637075,0.000378175,0.00236893,0.008713219,23.04020172,2,7.720354347,0.20765099,bearing ring
body20,1368,686,0,-0.033999998,3.75E-17,-0.013374908,-0.037833303,0.023166034,180,0,-0.7071,0.7071,4.45E-07,0.00034956,1.002,1,2.33E-07,0.000183606,0.997151299,1.34E-07,5.61E-08,-0.490169697,-1.100290574,0.418047868,2.29E-07,5.50E-07,8.03E-06,0.005274197,9596.478019,1.994169096,1.906293576,0.998722381,ball bearing
body20.001,144,74,0.324000001,-0.053179681,0,0.306762636,-0.064679682,0.06993477,180,0,-0.7071,0.7071,6.71E-06,0.002137623,1.001,1.139,5.23E-06,0.001672549,0.813224805,1.16E-05,4.86E-06,-1.253499062,0.034961809,0.418692039,3.45E-06,1.23E-05,7.31E-05,0.000555179,45.05059889,1.945945946,1.281945351,0.996971508,roller bearing
body20.002,144,74,0.643999994,-1.20449996,-7.11E-17,0.643999994,-1.193749905,0.068145551,90,-1,0,0,5.56E-06,0.001886012,1,1.14,4.30E-06,0.001467298,0.813119861,1.02E-05,4.26E-06,-1.254109756,0.040228607,0.41840694,2.86E-06,1.01E-05,6.42E-05,0.000555179,54.83369045,1.945945946,1.293047228,0.994058114,roller bearing
body20.003,144,74,0.643999994,-0.069499999,-7.11E-17,0.643999994,-0.058749989,0.068145551,90,-1,0,0,5.61E-06,0.001898795,1.008,1.132,4.30E-06,0.001467298,0.813119861,1.02E-05,4.26E-06,-1.254109756,0.040228607,0.41840694,2.89E-06,1.01E-05,6.42E-05,0.000555179,54.83369045,1.945945946,1.306439475,0.99053625,roller bearing
body21,1368,686,0,-0.033999998,3.75E-17,1.47E-09,-0.037833307,0.026749782,180,0,-0.7071,0.7071,4.44E-07,0.000349417,1,1.002,2.33E-07,0.000183606,0.997153134,1.34E-07,5.61E-08,-0.490169793,-1.100290797,0.41804788,2.28E-07,5.50E-07,8.03E-06,0.005274197,9596.46048,1.994169096,1.905123363,0.998928179,ball bearing
body21.001,144,74,0.324000001,-0.053179681,0,0.341237366,-0.064679697,0.06993477,180,0,-0.7071,0.7071,6.75E-06,0.002147644,1.004,1.135,5.23E-06,0.001672549,0.813224807,1.16E-05,4.86E-06,-1.253498709,0.034961262,0.418692031,3.47E-06,1.23E-05,7.31E-05,0.000555179,45.05059889,1.945945946,1.291083557,0.994555511,roller bearing
body21.002,144,74,0.643999994,-1.20449996,-7.11E-17,0.609927237,-1.193749905,0.05901574,90,-1,0,0,5.51E-06,0.001876389,1.001,1.142,4.30E-06,0.001467298,0.813120388,1.02E-05,4.26E-06,-1.254109879,0.04022844,0.418406889,2.83E-06,1.01E-05,6.42E-05,0.000555179,54.83365563,1.945945946,1.283073481,0.996674019,roller bearing
body21.003,144,74,0.643999994,-0.069499999,-7.11E-17,0.609927237,-0.058749989,0.05901574,90,-1,0,0,5.52E-06,0.001877347,1.002,1.14,4.30E-06,0.001467298,0.813120388,1.02E-05,4.26E-06,-1.254109879,0.04022844,0.418406889,2.84E-06,1.01E-05,6.42E-05,0.000555179,54.83365563,1.945945946,1.284093098,0.996390701,roller bearing
body22,1368,686,0,-0.033999998,3.75E-17,0.013374902,-0.037833314,0.023166038,180,0,-0.7071,0.7071,4.45E-07,0.000349505,1.001,1.002,2.33E-07,0.000183606,0.997154577,1.34E-07,5.61E-08,-0.490169701,-1.100290577,0.418047867,2.29E-07,5.50E-07,8.03E-06,0.005274197,9596.44645,1.994169096,1.905839169,0.998804338,ball bearing
body22.001,144,74,0.324000001,-0.053179681,0,0.371763259,-0.064679712,0.053913549,180,0,-0.7071,0.7071,6.79E-06,0.002155031,1.006,1.132,5.23E-06,0.001672549,0.813225374,1.16E-05,4.86E-06,-1.253499503,0.034962832,0.418692032,3.49E-06,1.23E-05,7.31E-05,0.000555179,45.05056755,1.945945946,1.297846231,0.992776371,roller bearing
body22.002,144,74,0.643999994,-1.20449996,-7.11E-17,0.584984243,-1.193749905,0.034072749,90,-1,0,0,5.61E-06,0.001898669,1.009,1.13,4.30E-06,0.001467298,0.813120221,1.02E-05,4.26E-06,-1.254109837,0.040227947,0.418406916,2.89E-06,1.01E-05,6.42E-05,0.000555179,54.83366724,1.945945946,1.306348053,0.990540056,roller bearing
body22.003,144,74,0.643999994,-0.069499999,-7.11E-17,0.584984243,-0.058749992,0.034072749,90,-1,0,0,5.55E-06,0.001885437,1.003,1.138,4.30E-06,0.001467298,0.813120221,1.02E-05,4.26E-06,-1.254109837,0.040227947,0.418406916,2.86E-06,1.01E-05,6.42E-05,0.000555179,54.83366724,1.945945946,1.292483772,0.994188254,roller bearing
body23,1368,686,0,-0.033999998,3.75E-17,0.023166034,-0.037833318,0.013374904,180,0,-0.7071,0.7071,4.45E-07,0.000349471,1,1.002,2.33E-07,0.000183606,0.997151299,1.34E-07,5.61E-08,-0.490169697,-1.100290574,0.418047868,2.29E-07,5.50E-07,8.03E-06,0.005274197,9596.478019,1.994169096,1.905570528,0.998848784,ball bearing
body23.001,144,74,0.324000001,-0.053179681,0,0.39134714,-0.064679712,0.025541395,180,0,-0.7071,0.7071,7.04E-06,0.002207235,1.012,1.119,5.23E-06,0.001672549,0.813224361,1.16E-05,4.86E-06,-1.253498521,0.034960562,0.418692093,3.62E-06,1.23E-05,7.31E-05,0.000555179,45.05062239,1.945945946,1.345742806,0.980635717,roller bearing
body23.002,144,74,0.643999994,-1.20449996,-7.11E-17,0.575854421,-1.193749905,-1.90E-09,90,-1,0,0,5.76E-06,0.001932215,1.016,1.118,4.30E-06,0.001467298,0.813119861,1.02E-05,4.26E-06,-1.254109756,0.040228607,0.41840694,2.96E-06,1.01E-05,6.42E-05,0.000555179,54.83369045,1.945945946,1.341488157,0.981635415,roller bearing
body23.003,144,74,0.643999994,-0.069499999,-7.11E-17,0.575854421,-0.05875,-1.90E-09,90,-1,0,0,5.88E-06,0.001958361,1.026,1.105,4.30E-06,0.001467298,0.813119861,1.02E-05,4.26E-06,-1.254109756,0.040228607,0.41840694,3.02E-06,1.01E-05,6.42E-05,0.000555179,54.83369045,1.945945946,1.369116989,0.974841389,roller bearing
body24,1368,686,0,-0.033999998,3.75E-17,0.026749782,-0.037833314,-3.79E-09,180,0,-0.7071,0.7071,4.45E-07,0.000349547,1,1.001,2.33E-07,0.000183606,0.997153134,1.34E-07,5.61E-08,-0.490169793,-1.100290797,0.41804788,2.29E-07,5.50E-07,8.03E-06,0.005274197,9596.46048,1.994169096,1.906188592,0.998741632,ball bearing
body24.001,144,74,0.324000001,-0.053179681,0,0.395502627,-0.064679712,-0.008682004,180,0,-0.7071,0.7071,7.03E-06,0.002205584,1.022,1.109,5.23E-06,0.001672549,0.813224662,1.16E-05,4.86E-06,-1.25349907,0.034962242,0.418692054,3.62E-06,1.23E-05,7.31E-05,0.000555179,45.05060672,1.945945946,1.344397584,0.980882672,roller bearing
body24.002,144,74,0.643999994,-1.20449996,-7.11E-17,0.584984243,-1.193750024,-0.03407276,90,-1,0,0,6.04E-06,0.00199218,1.029,1.097,4.30E-06,0.001467298,0.813120388,1.02E-05,4.26E-06,-1.254109879,0.04022844,0.418406889,3.10E-06,1.01E-05,6.42E-05,0.000555179,54.83365563,1.945945946,1.404996387,0.966351288,roller bearing
body24.003,144,74,0.643999994,-0.069499999,-7.11E-17,0.584984243,-0.058750004,-0.03407276,90,-1,0,0,5.72E-06,0.001922456,1.014,1.122,4.30E-06,0.001467298,0.813120388,1.02E-05,4.26E-06,-1.254109879,0.04022844,0.418406889,2.94E-06,1.01E-05,6.42E-05,0.000555179,54.83365563,1.945945946,1.331210154,0.98421847,roller bearing
body25,1368,686,0,-0.033999998,3.75E-17,0.023166038,-0.037833314,-0.013374904,180,0,-0.7071,0.7071,4.45E-07,0.000349509,1,1.002,2.33E-07,0.000183606,0.997154577,1.34E-07,5.61E-08,-0.490169701,-1.100290577,0.418047867,2.29E-07,5.50E-07,8.03E-06,0.005274197,9596.44645,1.994169096,1.905872819,0.998798025,ball bearing
body25.001,144,74,0.324000001,-0.053179681,0,0.383277684,-0.064679705,-0.040916447,180,0,-0.7071,0.7071,6.86E-06,0.002169967,1.004,1.131,5.23E-06,0.001672549,0.813224014,1.16E-05,4.86E-06,-1.253498806,0.034961021,0.418692006,3.53E-06,1.23E-05,7.31E-05,0.000555179,45.05064589,1.945945946,1.311443495,0.989292367,roller bearing
body25.002,144,74,0.643999994,-1.20449996,-7.11E-17,0.609927237,-1.193750024,-0.059015736,90,-1,0,0,5.75E-06,0.001928484,1.012,1.122,4.30E-06,0.001467298,0.813120221,1.02E-05,4.26E-06,-1.254109837,0.040227947,0.418406916,2.95E-06,1.01E-05,6.42E-05,0.000555179,54.83366724,1.945945946,1.337533027,0.982637388,roller bearing
body25.003,144,74,0.643999994,-0.069499999,-7.11E-17,0.609927237,-0.058750007,-0.059015736,90,-1,0,0,5.51E-06,0.001876501,1.002,1.141,4.30E-06,0.001467298,0.813120221,1.02E-05,4.26E-06,-1.254109837,0.040227947,0.418406916,2.83E-06,1.01E-05,6.42E-05,0.000555179,54.83366724,1.945945946,1.283196604,0.996637491,roller bearing
body26,1368,686,0,-0.033999998,3.75E-17,0.013374904,-0.037833307,-0.023166034,180,0,-0.7071,0.7071,4.45E-07,0.000349557,1.002,1.001,2.33E-07,0.000183606,0.997151299,1.34E-07,5.61E-08,-0.490169697,-1.100290574,0.418047868,2.29E-07,5.50E-07,8.03E-06,0.005274197,9596.478019,1.994169096,1.906271832,0.998726198,ball bearing
body26.001,144,74,0.324000001,-0.053179681,0,0.357472956,-0.06467969,-0.063777462,180,0,-0.7071,0.7071,6.82E-06,0.002162171,1.005,1.131,5.23E-06,0.001672549,0.813225646,1.16E-05,4.86E-06,-1.253499178,0.034962805,0.418691997,3.51E-06,1.23E-05,7.31E-05,0.000555179,45.05055189,1.945945946,1.304340003,0.991106442,roller bearing
body26.002,144,74,0.643999994,-1.20449996,-7.11E-17,0.584984243,-1.215250015,-0.034072768,90,-1,0,0,5.52E-06,0.001878677,1.001,1.141,4.30E-06,0.001467298,0.813119799,1.02E-05,4.26E-06,-1.254110104,0.040228696,0.418406896,2.84E-06,1.01E-05,6.42E-05,0.000555179,54.83369625,1.945945946,1.28545209,0.996042368,roller bearing
body26.003,144,74,0.643999994,-0.069499999,-7.11E-17,0.584984243,-0.08025001,-0.034072768,90,-1,0,0,5.55E-06,0.001884378,1.003,1.138,4.30E-06,0.001467298,0.813119799,1.02E-05,4.26E-06,-1.254110104,0.040228696,0.418406896,2.85E-06,1.01E-05,6.42E-05,0.000555179,54.83369625,1.945945946,1.291407372,0.994458082,roller bearing
body27,144,74,0.324000001,-0.053179681,0,0.395502627,-0.04167971,-0.008681992,180,0,-0.7071,0.7071,6.69E-06,0.002135182,1,1.139,5.23E-06,0.001672549,0.813224411,1.16E-05,4.86E-06,-1.253498795,0.034961604,0.418692061,3.44E-06,1.23E-05,7.31E-05,0.000555179,45.05062239,1.945945946,1.279743663,0.99754603,roller bearing
body27.001,144,74,0.643999994,-1.20449996,-7.11E-17,0.609927237,-1.215250015,-0.05901574,90,-1,0,0,5.51E-06,0.001876266,1.001,1.142,4.30E-06,0.001467298,0.813119131,1.02E-05,4.26E-06,-1.254110124,0.040229117,0.418406858,2.83E-06,1.01E-05,6.42E-05,0.000555179,54.83374267,1.945945946,1.282950417,0.996704032,roller bearing
body27.002,144,74,0.643999994,-0.069499999,-7.11E-17,0.609927237,-0.08025001,-0.05901574,90,-1,0,0,5.49E-06,0.001871967,1.001,1.143,4.30E-06,0.001467298,0.813119131,1.02E-05,4.26E-06,-1.254110124,0.040229117,0.418406858,2.82E-06,1.01E-05,6.42E-05,0.000555179,54.83374267,1.945945946,1.27849051,0.997889213,roller bearing
body28,144,74,0.324000001,-0.053179681,0,0.383277684,-0.041679703,-0.040916428,180,0,-0.7071,0.7071,6.72E-06,0.002140537,1.002,1.138,5.23E-06,0.001672549,0.813225022,1.16E-05,4.86E-06,-1.253499437,0.034963085,0.418692015,3.45E-06,1.23E-05,7.31E-05,0.000555179,45.05058714,1.945945946,1.284598921,0.996268144,roller bearing
body29,144,74,0.324000001,-0.053179681,0,0.357472986,-0.041679688,-0.063777447,180,0,-0.7071,0.7071,6.75E-06,0.002146064,1,1.138,5.23E-06,0.001672549,0.813224041,1.16E-05,4.86E-06,-1.253498496,0.034961046,0.418692062,3.47E-06,1.23E-05,7.31E-05,0.000555179,45.05064197,1.945945946,1.289618625,0.994952659,roller bearing
body3,1368,686,-0.215999976,-0.027099997,-6.25E-15,-0.215999976,-0.027100002,0.036250111,90,1,0,0,1.05E-06,0.000618928,1.002,1,5.50E-07,0.00032507,0.997154642,2.38E-07,9.93E-08,-0.490169646,-1.100291246,0.418047875,5.39E-07,1.29E-06,1.42E-05,0.005274197,4073.566681,1.994169096,1.906471387,0.998693722,ball bearing
body3.001,1368,686,-0.215999976,-1.191100001,1.07E-16,-0.215999976,-1.191100001,0.036250111,90,1,0,0,1.05E-06,0.00061874,1,1.001,5.50E-07,0.00032507,0.997154642,2.38E-07,9.93E-08,-0.490169646,-1.100291246,0.418047875,5.38E-07,1.29E-06,1.42E-05,0.005274197,4073.566681,1.994169096,1.905607082,0.998844285,ball bearing
body3.002,1368,686,0,-0.033999998,3.75E-17,-1.91E-09,-0.030166689,-0.026749782,180,0,-0.7071,0.7071,4.44E-07,0.000349414,1,1.002,2.33E-07,0.000183606,0.997153134,1.34E-07,5.61E-08,-0.490169793,-1.100290797,0.41804788,2.28E-07,5.50E-07,8.03E-06,0.005274197,9596.46048,1.994169096,1.905101028,0.998931842,ball bearing
body3.003,1368,686,-3.22E-29,-1.192000031,3.75E-17,7.58E-11,-1.192000031,0.034999792,90,1,0,0,1.25E-06,0.000695034,1.001,1.001,6.54E-07,0.000365108,0.997153509,2.67E-07,1.12E-07,-0.490169921,-1.100290843,0.418047867,6.41E-07,1.54E-06,1.60E-05,0.005274197,3422.222806,1.994169096,1.905956462,0.998782503,ball bearing
body3.004,1368,686,0.324000001,-1.197000027,0,0.324000001,-1.197000027,-0.041249909,90,-1,0,0,1.23E-06,0.000689456,1,1.001,6.46E-07,0.000362249,0.997154513,2.65E-07,1.11E-07,-0.490169845,-1.100290763,0.41804787,6.33E-07,1.52E-06,1.58E-05,0.005274197,3462.824191,1.994169096,1.905401799,0.998880044,ball bearing
body3.005,144,74,0.324000001,-0.053179681,0,0.324000001,-0.064679682,-0.072027788,180,0,-0.7071,0.7071,6.77E-06,0.002150188,1,1.137,5.23E-06,0.001672549,0.813224864,1.16E-05,4.86E-06,-1.253498874,0.034962018,0.418692035,3.48E-06,1.23E-05,7.31E-05,0.000555179,45.05059889,1.945945946,1.293373091,0.993971028,roller bearing
body3.006,144,74,0.643999994,-1.20449996,-7.11E-17,0.643999994,-1.193750024,-0.068145551,90,-1,0,0,5.52E-06,0.001878243,1.001,1.141,4.30E-06,0.001467298,0.813119861,1.02E-05,4.26E-06,-1.254109756,0.040228607,0.41840694,2.84E-06,1.01E-05,6.42E-05,0.000555179,54.83369045,1.945945946,1.284993265,0.996168092,roller bearing
body3.007,144,74,0.643999994,-0.069499999,-7.11E-17,0.643999994,-0.058750011,-0.068145551,90,-1,0,0,5.55E-06,0.001885392,1.002,1.139,4.30E-06,0.001467298,0.813119861,1.02E-05,4.26E-06,-1.254109756,0.040228607,0.41840694,2.86E-06,1.01E-05,6.42E-05,0.000555179,54.83369045,1.945945946,1.292420137,0.994213644,roller bearing
body4,1368,686,-0.215999976,-0.027099997,-6.25E-15,-0.197874963,-0.027100002,0.031393476,90,1,0,0,1.05E-06,0.000618615,1,1.002,5.50E-07,0.00032507,0.997152369,2.38E-07,9.93E-08,-0.490169979,-1.100290273,0.418047862,5.38E-07,1.29E-06,1.42E-05,0.005274197,4073.57595,1.994169096,1.905033343,0.998943155,ball bearing
body4.001,1368,686,-0.215999976,-1.191100001,1.07E-16,-0.197874963,-1.191100001,0.031393476,90,1,0,0,1.05E-06,0.000618784,1.001,1.001,5.50E-07,0.00032507,0.997152369,2.38E-07,9.93E-08,-0.490169979,-1.100290273,0.418047862,5.38E-07,1.29E-06,1.42E-05,0.005274197,4073.57595,1.994169096,1.905816028,0.998806272,ball bearing
body4.002,1368,686,0,-0.033999998,3.75E-17,-0.01337491,-0.030166682,-0.023166031,180,0,-0.7071,0.7071,4.45E-07,0.000349574,1.001,1,2.33E-07,0.000183606,0.997151299,1.34E-07,5.61E-08,-0.490169697,-1.100290574,0.418047868,2.29E-07,5.50E-07,8.03E-06,0.005274197,9596.478019,1.994169096,1.906410631,0.998701545,ball bearing
body4.003,1368,686,-3.22E-29,-1.192000031,3.75E-17,0.017499903,-1.192000031,0.030310741,90,1,0,0,1.25E-06,0.000695366,1,1.002,6.54E-07,0.000365108,0.997153723,2.67E-07,1.12E-07,-0.490170164,-1.100290299,0.418047841,6.41E-07,1.54E-06,1.60E-05,0.005274197,3422.221914,1.994169096,1.907321216,0.998544828,ball bearing
body4.004,1368,686,0.324000001,-1.197000027,0,0.344624937,-1.197000027,-0.035723466,90,-1,0,0,1.23E-06,0.000689489,1.001,1.002,6.46E-07,0.000362249,0.99715347,2.65E-07,1.11E-07,-0.490170311,-1.100290258,0.418047846,6.33E-07,1.52E-06,1.58E-05,0.005274197,3462.82754,1.994169096,1.905537807,0.998855888,ball bearing
body4.005,144,74,0.324000001,-0.053179681,0,0.324000001,-0.041679669,-0.072027788,180,0,-0.7071,0.7071,6.71E-06,0.002138786,1.001,1.138,5.23E-06,0.001672549,0.813224762,1.16E-05,4.86E-06,-1.253498673,0.034961083,0.418692064,3.45E-06,1.23E-05,7.31E-05,0.000555179,45.0506028,1.945945946,1.282999222,0.996694287,roller bearing
body4.006,144,74,0.643999994,-1.20449996,-7.11E-17,0.643999994,-1.215250015,-0.068145558,90,-1,0,0,5.51E-06,0.001876186,1.001,1.141,4.30E-06,0.001467298,0.813119642,1.02E-05,4.26E-06,-1.254110039,0.040229222,0.418406912,2.83E-06,1.01E-05,6.42E-05,0.000555179,54.83370785,1.945945946,1.282868851,0.996725207,roller bearing
body4.007,144,74,0.643999994,-0.069499999,-7.11E-17,0.643999994,-0.08025001,-0.068145558,90,-1,0,0,5.54E-06,0.00188123,1.001,1.141,4.30E-06,0.001467298,0.813119642,1.02E-05,4.26E-06,-1.254110039,0.040229222,0.418406912,2.85E-06,1.01E-05,6.42E-05,0.000555179,54.83370785,1.945945946,1.288089373,0.995353874,roller bearing
body5,1368,686,-0.215999976,-0.027099997,-6.25E-15,-0.184606478,-0.027100001,0.018125033,90,1,0,0,1.05E-06,0.000618769,1,1.002,5.50E-07,0.00032507,0.997154848,2.38E-07,9.93E-08,-0.490169977,-1.100290279,0.418047862,5.38E-07,1.29E-06,1.42E-05,0.005274197,4073.565838,1.994169096,1.90573785,0.998821866,ball bearing
body5.001,1368,686,-0.215999976,-1.191100001,1.07E-16,-0.184606478,-1.191100001,0.018125033,90,1,0,0,1.05E-06,0.00061893,1.002,1,5.50E-07,0.00032507,0.997154848,2.38E-07,9.93E-08,-0.490169977,-1.100290279,0.418047862,5.39E-07,1.29E-06,1.42E-05,0.005274197,4073.565838,1.994169096,1.906481446,0.998691927,ball bearing
body5.002,1368,686,0,-0.033999998,3.75E-17,-0.023166042,-0.030166678,-0.013374897,180,0,-0.7071,0.7071,4.44E-07,0.000349426,1,1.003,2.33E-07,0.000183606,0.997154577,1.34E-07,5.61E-08,-0.490169701,-1.100290577,0.418047867,2.28E-07,5.50E-07,8.03E-06,0.005274197,9596.44645,1.994169096,1.905193194,0.998917027,ball bearing
body5.003,1368,686,-3.22E-29,-1.192000031,3.75E-17,0.030310707,-1.192000031,0.017499901,90,1,0,0,1.25E-06,0.000694892,1,1.002,6.54E-07,0.000365108,0.997152338,2.67E-07,1.12E-07,-0.490170169,-1.100290296,0.41804784,6.41E-07,1.54E-06,1.60E-05,0.005274197,3422.226672,1.994169096,1.905374626,0.998883788,ball bearing
body5.004,1368,686,0.324000001,-1.197000027,0,0.359723449,-1.197000027,-0.020624967,90,-1,0,0,1.23E-06,0.000689407,1,1.002,6.46E-07,0.000362249,0.997153206,2.65E-07,1.11E-07,-0.49017032,-1.100290253,0.418047846,6.33E-07,1.52E-06,1.58E-05,0.005274197,3462.828454,1.994169096,1.90519677,0.998915429,ball bearing
body5.005,2650,1273,0.324000001,-0.053179681,0,0.32400021,-0.053179681,-4.41E-08,180,0,-0.7071,0.7071,0.000973463,0.070684158,1.003,3.418,3.68E-05,0.042296946,0.044951622,1.60E-05,2.00E-05,1.521383423,1.505005213,1.252492668,0.000500449,8.66E-05,0.001849802,0.010216828,117.9380699,2.081696779,26.47504507,0.063121364,bearing ring
body5.006,2474,1189,0.643999994,-1.20449996,-7.11E-17,0.643999755,-1.20449996,1.26E-07,90,-1,0,0,0.000820061,0.063174295,1.003,3.441,3.40E-05,0.0388872,0.047175591,1.57E-05,1.96E-05,1.502194522,1.319489128,1.246758654,0.000421586,8.01E-05,0.001700681,0.009538276,119.0116152,2.080740118,24.10709421,0.067388977,bearing ring
body5.007,2474,1189,0.643999994,-0.069499999,-7.11E-17,0.643999755,-0.069499999,1.26E-07,90,-1,0,0,0.000820061,0.063174295,1.003,3.441,3.40E-05,0.0388872,0.047175591,1.57E-05,1.96E-05,1.502194522,1.319489128,1.246758654,0.000421586,8.01E-05,0.001700681,0.009538276,119.0116152,2.080740118,24.10709421,0.067388977,bearing ring
body6,1368,686,-0.215999976,-0.027099997,-6.25E-15,-0.179749861,-0.027099997,6.62E-11,90,1,0,0,1.05E-06,0.000618969,1.003,1,5.50E-07,0.00032507,0.997154642,2.38E-07,9.93E-08,-0.490169646,-1.100291246,0.418047875,5.39E-07,1.29E-06,1.42E-05,0.005274197,4073.566681,1.994169096,1.906660956,0.998660734,ball bearing
body6.001,1368,686,-0.215999976,-1.191100001,1.07E-16,-0.179749861,-1.191100001,6.62E-11,90,1,0,0,1.05E-06,0.000618859,1.002,1.001,5.50E-07,0.00032507,0.997154642,2.38E-07,9.93E-08,-0.490169646,-1.100291246,0.418047875,5.39E-07,1.29E-06,1.42E-05,0.005274197,4073.566681,1.994169096,1.906152963,0.998749347,ball bearing
body6.002,1368,686,0,-0.033999998,3.75E-17,-0.026749782,-0.03016668,4.23E-09,180,0,-0.7071,0.7071,4.44E-07,0.000349453,1,1.002,2.33E-07,0.000183606,0.997153134,1.34E-07,5.61E-08,-0.490169793,-1.100290797,0.41804788,2.29E-07,5.50E-07,8.03E-06,0.005274197,9596.46048,1.994169096,1.905420732,0.998876193,ball bearing
body6.003,1368,686,-3.22E-29,-1.192000031,3.75E-17,0.034999788,-1.192000031,-7.58E-11,90,1,0,0,1.25E-06,0.000694829,1,1.002,6.54E-07,0.000365108,0.997153509,2.67E-07,1.12E-07,-0.490169921,-1.100290843,0.418047867,6.41E-07,1.54E-06,1.60E-05,0.005274197,3422.222806,1.994169096,1.905116685,0.99892937,ball bearing
body6.004,1368,686,0.324000001,-1.197000027,0,0.365249902,-1.197000027,1.86E-11,90,-1,0,0,1.23E-06,0.0006895,1.001,1.001,6.46E-07,0.000362249,0.997154513,2.65E-07,1.11E-07,-0.490169845,-1.100290763,0.41804787,6.33E-07,1.52E-06,1.58E-05,0.005274197,3462.824191,1.994169096,1.905583639,0.998848374,ball bearing
body6.005,144,74,0.324000001,-0.053179681,0,0.290527016,-0.041679665,-0.063777424,180,0,-0.7071,0.7071,6.80E-06,0.002157174,1.007,1.13,5.23E-06,0.001672549,0.813223693,1.16E-05,4.86E-06,-1.253498574,0.034961272,0.418692067,3.50E-06,1.23E-05,7.31E-05,0.000555179,45.05066155,1.945945946,1.29984699,0.99223409,roller bearing
body6.006,144,74,0.643999994,-1.20449996,-7.11E-17,0.678072751,-1.215250015,-0.059015751,90,-1,0,0,5.84E-06,0.001949137,1.004,1.126,4.30E-06,0.001467298,0.813119799,1.02E-05,4.26E-06,-1.254110104,0.040228696,0.418406896,3.00E-06,1.01E-05,6.42E-05,0.000555179,54.83369625,1.945945946,1.359148492,0.977365961,roller bearing
body6.007,144,74,0.643999994,-0.069499999,-7.11E-17,0.678072751,-0.08025001,-0.059015751,90,-1,0,0,5.82E-06,0.001944927,1.022,1.11,4.30E-06,0.001467298,0.813119799,1.02E-05,4.26E-06,-1.254110104,0.040228696,0.418406896,2.99E-06,1.01E-05,6.42E-05,0.000555179,54.83369625,1.945945946,1.354930272,0.978291006,roller bearing
body7,1368,686,-0.215999976,-0.027099997,-6.25E-15,-0.184606493,-0.027099993,-0.01812502,90,1,0,0,1.05E-06,0.000618889,1,1.002,5.50E-07,0.00032507,0.997152369,2.38E-07,9.93E-08,-0.490169979,-1.100290273,0.418047862,5.39E-07,1.29E-06,1.42E-05,0.005274197,4073.57595,1.994169096,1.906296866,0.998722411,ball bearing
body7.001,1368,686,-0.215999976,-1.191100001,1.07E-16,-0.184606493,-1.191100001,-0.01812502,90,1,0,0,1.05E-06,0.000618761,1,1.001,5.50E-07,0.00032507,0.997152369,2.38E-07,9.93E-08,-0.490169979,-1.100290273,0.418047862,5.38E-07,1.29E-06,1.42E-05,0.005274197,4073.57595,1.994169096,1.905707182,0.998825219,ball bearing
body7.002,1368,686,0,-0.033999998,3.75E-17,-0.023166031,-0.030166682,0.013374912,180,0,-0.7071,0.7071,4.45E-07,0.000349563,1,1.002,2.33E-07,0.000183606,0.997151299,1.34E-07,5.61E-08,-0.490169697,-1.100290574,0.418047868,2.29E-07,5.50E-07,8.03E-06,0.005274197,9596.478019,1.994169096,1.906323732,0.998716967,ball bearing
body7.003,1368,686,-3.22E-29,-1.192000031,3.75E-17,0.030310739,-1.192000031,-0.017499905,90,1,0,0,1.25E-06,0.000695056,1,1.002,6.54E-07,0.000365108,0.997153723,2.67E-07,1.12E-07,-0.490170164,-1.100290299,0.418047841,6.41E-07,1.54E-06,1.60E-05,0.005274197,3422.221914,1.994169096,1.90604568,0.998767554,ball bearing
body7.004,1368,686,0.324000001,-1.197000027,0,0.359723449,-1.197000027,0.020624943,90,-1,0,0,1.23E-06,0.000689577,1.001,1.002,6.46E-07,0.000362249,0.99715347,2.65E-07,1.11E-07,-0.490170311,-1.100290258,0.418047846,6.33E-07,1.52E-06,1.58E-05,0.005274197,3462.82754,1.994169096,1.905905407,0.998791627,ball bearing
body7.005,144,74,0.324000001,-0.053179681,0,0.264722317,-0.041679651,-0.040916413,180,0,-0.7071,0.7071,6.74E-06,0.002145919,1.002,1.136,5.23E-06,0.001672549,0.813223744,1.16E-05,4.86E-06,-1.253499168,0.034962621,0.418692033,3.47E-06,1.23E-05,7.31E-05,0.000555179,45.05065764,1.945945946,1.289521956,0.994960375,roller bearing
body7.006,144,74,0.643999994,-1.20449996,-7.11E-17,0.703015745,-1.215250015,-0.034072764,90,-1,0,0,5.67E-06,0.001911347,1.01,1.127,4.30E-06,0.001467298,0.813119131,1.02E-05,4.26E-06,-1.254110124,0.040229117,0.418406858,2.92E-06,1.01E-05,6.42E-05,0.000555179,54.83374267,1.945945946,1.319548177,0.98717908,roller bearing
body7.007,144,74,0.643999994,-0.069499999,-7.11E-17,0.703015745,-0.08025001,-0.034072764,90,-1,0,0,5.64E-06,0.001903564,1.01,1.128,4.30E-06,0.001467298,0.813119131,1.02E-05,4.26E-06,-1.254110124,0.040229117,0.418406858,2.90E-06,1.01E-05,6.42E-05,0.000555179,54.83374267,1.945945946,1.31146405,0.989220032,roller bearing
body8,1368,686,-0.215999976,-0.027099997,-6.25E-15,-0.197874948,-0.027099991,-0.031393498,90,1,0,0,1.05E-06,0.000618753,1,1.002,5.50E-07,0.00032507,0.997154848,2.38E-07,9.93E-08,-0.490169977,-1.100290279,0.418047862,5.38E-07,1.29E-06,1.42E-05,0.005274197,4073.565838,1.994169096,1.905664341,0.998834819,ball bearing
body8.001,1368,686,-0.215999976,-1.191100001,1.07E-16,-0.197874948,-1.191100001,-0.031393498,90,1,0,0,1.05E-06,0.000618735,1,1.002,5.50E-07,0.00032507,0.997154848,2.38E-07,9.93E-08,-0.490169977,-1.100290279,0.418047862,5.38E-07,1.29E-06,1.42E-05,0.005274197,4073.565838,1.994169096,1.905581962,0.998848887,ball bearing
body8.002,1368,686,0,-0.033999998,3.75E-17,-0.013374897,-0.030166687,0.023166042,180,0,-0.7071,0.7071,4.45E-07,0.0003495,1,1.002,2.33E-07,0.000183606,0.997154577,1.34E-07,5.61E-08,-0.490169701,-1.100290577,0.418047867,2.29E-07,5.50E-07,8.03E-06,0.005274197,9596.44645,1.994169096,1.905802353,0.998810518,ball bearing
body8.003,1368,686,-3.22E-29,-1.192000031,3.75E-17,0.017499899,-1.192000031,-0.030310711,90,1,0,0,1.25E-06,0.000694859,1,1.003,6.54E-07,0.000365108,0.997152338,2.67E-07,1.12E-07,-0.490170169,-1.100290296,0.41804784,6.41E-07,1.54E-06,1.60E-05,0.005274197,3422.226672,1.994169096,1.905238496,0.998907624,ball bearing
body8.004,1368,686,0.324000001,-1.197000027,0,0.344624966,-1.197000027,0.035723466,90,-1,0,0,1.23E-06,0.000689553,1,1.001,6.46E-07,0.000362249,0.997153206,2.65E-07,1.11E-07,-0.49017032,-1.100290253,0.418047846,6.33E-07,1.52E-06,1.58E-05,0.005274197,3462.828454,1.994169096,1.905803861,0.998808911,ball bearing
body8.005,144,74,0.324000001,-0.053179681,0,0.252497405,-0.041679651,-0.008681978,180,0,-0.7071,0.7071,6.71E-06,0.002137676,1.001,1.138,5.23E-06,0.001672549,0.813224417,1.16E-05,4.86E-06,-1.253498858,0.034961851,0.418692053,3.45E-06,1.23E-05,7.31E-05,0.000555179,45.05062239,1.945945946,1.281997669,0.996955548,roller bearing
body8.006,144,74,0.643999994,-1.20449996,-7.11E-17,0.712145567,-1.215250015,2.12E-09,90,-1,0,0,5.60E-06,0.00189627,1.008,1.132,4.30E-06,0.001467298,0.813119642,1.02E-05,4.26E-06,-1.254110039,0.040229222,0.418406912,2.88E-06,1.01E-05,6.42E-05,0.000555179,54.83370785,1.945945946,1.303817437,0.991208436,roller bearing
body8.007,144,74,0.643999994,-0.069499999,-7.11E-17,0.712145567,-0.080250002,2.12E-09,90,-1,0,0,5.82E-06,0.001943697,1.02,1.113,4.30E-06,0.001467298,0.813119642,1.02E-05,4.26E-06,-1.254110039,0.040229222,0.418406912,2.99E-06,1.01E-05,6.42E-05,0.000555179,54.83370785,1.945945946,1.353595469,0.978636377,roller bearing
body9,1368,686,-0.215999976,-0.027099997,-6.25E-15,-0.215999976,-0.027099991,-0.036250111,90,1,0,0,1.05E-06,0.000618607,1,1.002,5.50E-07,0.00032507,0.997154642,2.38E-07,9.93E-08,-0.490169646,-1.100291246,0.418047875,5.38E-07,1.29E-06,1.42E-05,0.005274197,4073.566681,1.994169096,1.904990768,0.998952446,ball bearing
body9.001,1368,686,-0.215999976,-1.191100001,1.07E-16,-0.215999976,-1.191100001,-0.036250111,90,1,0,0,1.05E-06,0.000618862,1.001,1.001,5.50E-07,0.00032507,0.997154642,2.38E-07,9.93E-08,-0.490169646,-1.100291246,0.418047875,5.39E-07,1.29E-06,1.42E-05,0.005274197,4073.566681,1.994169096,1.906168815,0.998746253,ball bearing
body9.002,1368,686,0,-0.033999998,3.75E-17,5.18E-09,-0.030166695,0.026749782,180,0,-0.7071,0.7071,4.45E-07,0.000349508,1,1.001,2.33E-07,0.000183606,0.997153134,1.34E-07,5.61E-08,-0.490169793,-1.100290797,0.41804788,2.29E-07,5.50E-07,8.03E-06,0.005274197,9596.46048,1.994169096,1.905864089,0.998798364,ball bearing
body9.003,1368,686,-3.22E-29,-1.192000031,3.75E-17,-7.58E-11,-1.192000031,-0.034999792,90,1,0,0,1.25E-06,0.000695101,1.001,1.002,6.54E-07,0.000365108,0.997153509,2.67E-07,1.12E-07,-0.490169921,-1.100290843,0.418047867,6.41E-07,1.54E-06,1.60E-05,0.005274197,3422.222806,1.994169096,1.90623342,0.998734325,ball bearing
body9.004,1368,686,0.324000001,-1.197000027,0,0.324000001,-1.197000027,0.041249909,90,-1,0,0,1.23E-06,0.000689582,1.001,1.001,6.46E-07,0.000362249,0.997154513,2.65E-07,1.11E-07,-0.490169845,-1.100290763,0.41804787,6.33E-07,1.52E-06,1.58E-05,0.005274197,3462.824191,1.994169096,1.905923469,0.998789162,ball bearing
body9.005,144,74,0.324000001,-0.053179681,0,0.256652862,-0.041679654,0.025541412,180,0,-0.7071,0.7071,6.84E-06,0.00216509,1.007,1.129,5.23E-06,0.001672549,0.813224142,1.16E-05,4.86E-06,-1.253498593,0.034960074,0.418692103,3.51E-06,1.23E-05,7.31E-05,0.000555179,45.05063414,1.945945946,1.307039869,0.990394473,roller bearing
body9.006,144,74,0.643999994,-1.20449996,-7.11E-17,0.703015745,-1.215250015,0.034072768,90,-1,0,0,5.53E-06,0.001879574,1.002,1.141,4.30E-06,0.001467298,0.813119799,1.02E-05,4.26E-06,-1.254110104,0.040228696,0.418406896,2.84E-06,1.01E-05,6.42E-05,0.000555179,54.83369625,1.945945946,1.286374828,0.995803488,roller bearing
body9.007,144,74,0.643999994,-0.069499999,-7.11E-17,0.703015745,-0.080249995,0.034072768,90,-1,0,0,5.73E-06,0.00192525,1.011,1.124,4.30E-06,0.001467298,0.813119799,1.02E-05,4.26E-06,-1.254110104,0.040228696,0.418406896,2.95E-06,1.01E-05,6.42E-05,0.000555179,54.83369625,1.945945946,1.334090044,0.983520906,roller bearing
